Enlace,Dirección
https://brandos.com.mx/empresa.html,"BRANDOS  CONSTRUCTORES S.A. DE C.V. Es una empresa joven integrada por un grupo de  profesionales en el ramo de la construcciÃ³n, con la capacidad de integrar en su  ambiente cualesquier clase de obra pÃºblica o privada que satisfaga y supere las  necesidades de sus clientes."
https://brandos.com.mx/empresa.html,"Reg. Fed. de contribuyentes:Â Â Â BCO-080814-3R6
                                 No. de registro pÃºblico de la propiedad y del comercio:Â Â 44754-1
                                 No. de registro SIEM:Â Â 052503
                                 No. de registro patronal del IMSSÂ Â R135403110-3"
https://brandos.com.mx/empresa.html,MISIÃN:
https://brandos.com.mx/empresa.html,"Construir, edificar y mantener todo tipo de obra  industrial, comercial, habitacional y de vÃ­as de comunicaciÃ³n para la  iniciativa pÃºblica y privada, utilizando la mÃ¡s alta calidad en recursos tÃ©cnicos,  humanos y materiales."
https://brandos.com.mx/empresa.html,VISIÃN:
https://brandos.com.mx/empresa.html,"Obtener una ventaja competitiva a nivel nacional e  internacional en la rama de la construcciÃ³n, satisfaciendo todas y cada una de  las necesidades de nuestros clientes, contribuyendo al desarrollo de nuestra  sociedad e impulsando el crecimiento de nuestro paÃ­s mediante la implementaciÃ³n  de mejoras e innovaciones en nuestras tÃ©cnicas y procesos."
https://brandos.com.mx/empresa.html,VALORES:
https://brandos.com.mx/empresa.html,"Responsabilidad, honradez, dedicaciÃ³n, honestidad,  respeto, trato amable y calidad en nuestro servicio."
https://brandos.com.mx/empresa.html,2010 Â© Brandos Constructores S.A. de C.V.
